team_id,team_name,abbreviation,conference,season_id,season,games_played,avg_pts,avg_reb,avg_ast,avg_tov,efg_pct,ts_pct
18,Minnesota Timberwolves,MIN,West,1,2021-22,82,115.94,44.16,25.68,13.73,0.5385,0.5733
15,Memphis Grizzlies,MEM,West,1,2021-22,82,115.61,49.17,25.99,12.48,0.5225,0.5528
17,Milwaukee Bucks,MIL,East,1,2021-22,82,115.49,46.71,23.90,12.74,0.5464,0.5804
4,Charlotte Hornets,CHA,East,1,2021-22,82,115.33,44.57,28.07,12.71,0.5442,0.5719
24,Phoenix Suns,PHX,West,1,2021-22,82,114.83,45.29,27.37,12.34,0.5490,0.5806
1,Atlanta Hawks,ATL,East,1,2021-22,82,113.94,43.98,24.60,11.27,0.5426,0.5806
29,Utah Jazz,UTA,West,1,2021-22,82,113.61,46.34,22.39,13.16,0.5551,0.5889
27,San Antonio Spurs,SAS,West,1,2021-22,82,113.16,45.32,27.91,12.30,0.5274,0.5565
3,Brooklyn Nets,BKN,East,1,2021-22,82,112.90,44.39,25.26,13.24,0.5395,0.5761
14,Los Angeles Lakers,LAL,West,1,2021-22,82,112.10,44.00,24.00,13.89,0.5366,0.5669
8,Denver Nuggets,DEN,West,1,2021-22,82,111.89,43.95,27.61,13.76,0.5555,0.5893
2,Boston Celtics,BOS,East,1,2021-22,82,111.76,46.07,24.83,13.05,0.5419,0.5785
5,Chicago Bulls,CHI,East,1,2021-22,82,111.61,42.33,23.88,12.12,0.5413,0.5789
12,Indiana Pacers,IND,East,1,2021-22,82,111.46,43.85,25.38,13.62,0.5310,0.5635
10,Golden State Warriors,GSW,West,1,2021-22,82,111.00,45.49,27.11,14.32,0.5519,0.5820
26,Sacramento Kings,SAC,West,1,2021-22,82,110.30,42.94,23.70,13.54,0.5246,0.5609
16,Miami Heat,MIA,East,1,2021-22,82,110.02,43.72,25.49,13.77,0.5469,0.5839
23,Philadelphia 76ers,PHI,East,1,2021-22,82,109.94,42.32,23.72,11.74,0.5345,0.5785
11,Houston Rockets,HOU,West,1,2021-22,82,109.72,42.02,23.56,15.66,0.5339,0.5646
28,Toronto Raptors,TOR,East,1,2021-22,82,109.39,45.33,22.06,11.65,0.5103,0.5431
19,New Orleans Pelicans,NOP,West,1,2021-22,82,109.29,45.21,24.96,13.28,0.5173,0.5567
30,Washington Wizards,WAS,East,1,2021-22,82,108.62,43.11,25.02,12.65,0.5325,0.5682
13,Los Angeles Clippers,LAC,West,1,2021-22,82,108.41,43.99,24.01,13.02,0.5312,0.5643
7,Dallas Mavericks,DAL,West,1,2021-22,82,108.02,43.02,23.39,11.71,0.5383,0.5717
6,Cleveland Cavaliers,CLE,East,1,2021-22,82,107.79,44.18,25.17,13.27,0.5377,0.5713
20,New York Knicks,NYK,East,1,2021-22,82,106.48,46.12,21.87,12.40,0.5134,0.5498
25,Portland Trail Blazers,POR,West,1,2021-22,82,106.23,42.87,22.93,13.68,0.5155,0.5497
9,Detroit Pistons,DET,East,1,2021-22,82,104.83,42.99,23.46,13.39,0.4942,0.5331
22,Orlando Magic,ORL,East,1,2021-22,82,104.23,44.28,23.74,13.80,0.5026,0.5375
21,Oklahoma City Thunder,OKC,West,1,2021-22,82,103.73,45.62,22.22,13.29,0.4975,0.5298
26,Sacramento Kings,SAC,West,2,2022-23,82,120.71,42.45,27.28,13.12,0.5720,0.6083
10,Golden State Warriors,GSW,West,2,2022-23,82,118.94,44.60,29.83,15.70,0.5707,0.6005
1,Atlanta Hawks,ATL,East,2,2022-23,82,118.43,44.38,24.99,12.35,0.5412,0.5789
2,Boston Celtics,BOS,East,2,2022-23,82,117.94,45.33,26.66,12.72,0.5657,0.6002
21,Oklahoma City Thunder,OKC,West,2,2022-23,82,117.38,43.63,24.39,12.44,0.5313,0.5706
14,Los Angeles Lakers,LAL,West,2,2022-23,82,117.17,45.71,25.27,13.46,0.5424,0.5817
29,Utah Jazz,UTA,West,2,2022-23,82,117.07,45.88,25.96,14.90,0.5475,0.5836
17,Milwaukee Bucks,MIL,East,2,2022-23,82,116.94,48.63,25.79,13.87,0.5549,0.5833
15,Memphis Grizzlies,MEM,West,2,2022-23,82,116.91,46.62,26.04,12.93,0.5400,0.5699
12,Indiana Pacers,IND,East,2,2022-23,82,116.28,41.55,26.99,14.11,0.5446,0.5814
20,New York Knicks,NYK,East,2,2022-23,82,116.02,46.60,22.93,12.05,0.5407,0.5769
8,Denver Nuggets,DEN,West,2,2022-23,82,115.79,43.01,28.88,13.83,0.5726,0.6013
18,Minnesota Timberwolves,MIN,West,2,2022-23,82,115.78,41.89,26.16,14.78,0.5600,0.5918
23,Philadelphia 76ers,PHI,East,2,2022-23,82,115.22,40.93,25.16,12.83,0.5625,0.6075
19,New Orleans Pelicans,NOP,West,2,2022-23,82,114.37,43.70,25.88,14.01,0.5427,0.5818
7,Dallas Mavericks,DAL,West,2,2022-23,82,114.22,38.79,22.93,11.67,0.5653,0.5993
24,Phoenix Suns,PHX,West,2,2022-23,82,113.65,44.24,27.26,12.87,0.5351,0.5702
13,Los Angeles Clippers,LAC,West,2,2022-23,82,113.59,43.23,23.89,13.54,0.5511,0.5878
25,Portland Trail Blazers,POR,West,2,2022-23,82,113.40,40.55,24.16,13.66,0.5492,0.5893
3,Brooklyn Nets,BKN,East,2,2022-23,82,113.35,40.51,25.52,12.89,0.5622,0.5978
5,Chicago Bulls,CHI,East,2,2022-23,82,113.12,42.35,24.46,12.71,0.5502,0.5869
27,San Antonio Spurs,SAS,West,2,2022-23,82,113.04,43.71,27.22,14.73,0.5253,0.5545
30,Washington Wizards,WAS,East,2,2022-23,82,112.95,43.59,25.30,13.33,0.5501,0.5849
28,Toronto Raptors,TOR,East,2,2022-23,82,112.85,43.02,23.91,11.22,0.5173,0.5552
6,Cleveland Cavaliers,CLE,East,2,2022-23,82,112.26,41.09,24.94,12.44,0.5560,0.5904
22,Orlando Magic,ORL,East,2,2022-23,82,111.41,43.24,23.24,14.37,0.5322,0.5727
4,Charlotte Hornets,CHA,East,2,2022-23,82,110.95,44.54,25.15,13.67,0.5161,0.5505
11,Houston Rockets,HOU,West,2,2022-23,82,110.74,46.28,22.38,15.45,0.5156,0.5536
9,Detroit Pistons,DET,East,2,2022-23,82,110.30,42.44,22.98,14.50,0.5197,0.5606
16,Miami Heat,MIA,East,2,2022-23,82,109.48,40.60,23.84,12.77,0.5300,0.5739
12,Indiana Pacers,IND,East,3,2023-24,82,123.29,41.52,30.76,12.27,0.5785,0.6061
2,Boston Celtics,BOS,East,3,2023-24,82,120.57,46.33,26.91,11.27,0.5782,0.6085
21,Oklahoma City Thunder,OKC,West,3,2023-24,82,120.09,42.04,27.11,11.83,0.5732,0.6080
17,Milwaukee Bucks,MIL,East,3,2023-24,82,118.98,44.17,26.54,12.38,0.5676,0.6007
1,Atlanta Hawks,ATL,East,3,2023-24,82,118.33,44.67,26.59,12.76,0.5395,0.5760
14,Los Angeles Lakers,LAL,West,3,2023-24,82,118.04,43.11,28.54,13.41,0.5663,0.6012
7,Dallas Mavericks,DAL,West,3,2023-24,82,117.56,42.83,25.62,12.06,0.5623,0.5920
10,Golden State Warriors,GSW,West,3,2023-24,82,116.70,46.33,29.11,13.54,0.5563,0.5851
26,Sacramento Kings,SAC,West,3,2023-24,82,116.56,43.99,28.34,12.55,0.5556,0.5823
24,Phoenix Suns,PHX,West,3,2023-24,82,116.24,44.07,27.05,14.10,0.5652,0.6029
29,Utah Jazz,UTA,West,3,2023-24,82,115.66,45.45,27.22,14.98,0.5390,0.5793
13,Los Angeles Clippers,LAC,West,3,2023-24,82,115.62,42.96,25.57,12.23,0.5615,0.5995
19,New Orleans Pelicans,NOP,West,3,2023-24,82,115.07,43.96,26.95,12.41,0.5576,0.5906
8,Denver Nuggets,DEN,West,3,2023-24,82,114.85,44.43,29.45,11.79,0.5618,0.5890
23,Philadelphia 76ers,PHI,East,3,2023-24,82,114.60,42.95,24.89,11.27,0.5320,0.5743
11,Houston Rockets,HOU,West,3,2023-24,82,114.33,45.45,24.82,12.21,0.5291,0.5646
30,Washington Wizards,WAS,East,3,2023-24,82,113.74,41.07,27.93,13.55,0.5379,0.5672
20,New York Knicks,NYK,East,3,2023-24,82,112.79,45.17,24.37,12.23,0.5399,0.5738
6,Cleveland Cavaliers,CLE,East,3,2023-24,82,112.63,43.28,28.04,12.74,0.5567,0.5859
18,Minnesota Timberwolves,MIN,West,3,2023-24,82,112.57,43.51,26.49,13.34,0.5593,0.5936
28,Toronto Raptors,TOR,East,3,2023-24,82,112.35,42.66,28.48,13.43,0.5352,0.5662
5,Chicago Bulls,CHI,East,3,2023-24,82,112.27,43.82,24.98,11.67,0.5339,0.5682
27,San Antonio Spurs,SAS,West,3,2023-24,82,112.10,44.23,29.87,14.61,0.5320,0.5635
22,Orlando Magic,ORL,East,3,2023-24,82,110.46,42.30,24.67,13.78,0.5413,0.5773
3,Brooklyn Nets,BKN,East,3,2023-24,82,110.37,44.06,25.63,12.32,0.5308,0.5614
16,Miami Heat,MIA,East,3,2023-24,82,110.15,42.29,25.80,11.82,0.5379,0.5777
9,Detroit Pistons,DET,East,3,2023-24,82,109.87,43.32,25.46,14.63,0.5263,0.5621
4,Charlotte Hornets,CHA,East,3,2023-24,82,106.59,40.28,24.79,12.99,0.5293,0.5604
25,Portland Trail Blazers,POR,West,3,2023-24,82,106.37,42.74,23.10,14.41,0.5025,0.5387
15,Memphis Grizzlies,MEM,West,3,2023-24,82,105.82,42.61,24.70,14.22,0.5091,0.5432
6,Cleveland Cavaliers,CLE,East,4,2024-25,82,121.94,45.40,28.10,12.54,0.5781,0.6073
15,Memphis Grizzlies,MEM,West,4,2024-25,82,121.71,47.26,28.41,14.96,0.5540,0.5875
8,Denver Nuggets,DEN,West,4,2024-25,82,120.76,45.74,31.00,13.55,0.5728,0.6038
21,Oklahoma City Thunder,OKC,West,4,2024-25,81,120.62,44.80,26.95,11.01,0.5604,0.5927
1,Atlanta Hawks,ATL,East,4,2024-25,81,118.38,44.51,29.67,14.72,0.5465,0.5800
5,Chicago Bulls,CHI,East,4,2024-25,82,117.80,45.85,29.06,13.94,0.5535,0.5850
12,Indiana Pacers,IND,East,4,2024-25,80,117.23,41.86,29.19,12.25,0.5616,0.5940
2,Boston Celtics,BOS,East,4,2024-25,82,116.27,45.32,26.15,11.35,0.5610,0.5907
20,New York Knicks,NYK,East,4,2024-25,82,115.78,42.65,27.49,12.18,0.5562,0.5889
26,Sacramento Kings,SAC,West,4,2024-25,82,115.73,44.20,26.45,12.63,0.5477,0.5822
17,Milwaukee Bucks,MIL,East,4,2024-25,81,115.58,43.32,25.46,12.79,0.5688,0.5988
9,Detroit Pistons,DET,East,4,2024-25,82,115.50,44.76,26.40,14.09,0.5471,0.5799
11,Houston Rockets,HOU,West,4,2024-25,81,114.52,48.46,23.42,13.00,0.5239,0.5544
18,Minnesota Timberwolves,MIN,West,4,2024-25,82,114.29,44.32,26.12,13.74,0.5542,0.5880
7,Dallas Mavericks,DAL,West,4,2024-25,82,114.20,43.05,25.24,13.30,0.5495,0.5833
27,San Antonio Spurs,SAS,West,4,2024-25,80,113.80,43.50,28.54,13.08,0.5428,0.5744
10,Golden State Warriors,GSW,West,4,2024-25,82,113.79,45.38,29.10,13.20,0.5362,0.5684
24,Phoenix Suns,PHX,West,4,2024-25,82,113.62,42.49,27.77,13.24,0.5610,0.5954
14,Los Angeles Lakers,LAL,West,4,2024-25,82,113.39,42.43,25.99,13.12,0.5569,0.5927
13,Los Angeles Clippers,LAC,West,4,2024-25,82,112.88,43.79,25.17,13.82,0.5541,0.5891
29,Utah Jazz,UTA,West,4,2024-25,82,111.89,45.41,25.52,16.46,0.5331,0.5678
25,Portland Trail Blazers,POR,West,4,2024-25,82,110.89,44.77,23.80,15.12,0.5210,0.5547
28,Toronto Raptors,TOR,East,4,2024-25,82,110.87,45.12,28.54,14.68,0.5224,0.5528
16,Miami Heat,MIA,East,4,2024-25,81,110.51,43.12,26.51,12.63,0.5443,0.5772
19,New Orleans Pelicans,NOP,West,4,2024-25,82,109.83,43.61,25.84,13.94,0.5191,0.5519
23,Philadelphia 76ers,PHI,East,4,2024-25,82,109.61,39.79,23.18,12.84,0.5266,0.5632
30,Washington Wizards,WAS,East,4,2024-25,81,108.12,43.69,25.12,14.96,0.5122,0.5464
22,Orlando Magic,ORL,East,4,2024-25,82,105.43,41.84,23.01,13.09,0.5104,0.5495
3,Brooklyn Nets,BKN,East,4,2024-25,82,105.11,41.30,25.16,13.88,0.5159,0.5521
4,Charlotte Hornets,CHA,East,4,2024-25,82,105.10,45.20,24.32,14.87,0.5028,0.5372
8,Denver Nuggets,DEN,West,5,2025-26,82,122.07,43.98,28.96,12.17,0.5768,0.6158
16,Miami Heat,MIA,East,5,2025-26,82,120.87,46.28,28.95,13.12,0.5418,0.5796
27,San Antonio Spurs,SAS,West,5,2025-26,81,119.94,46.96,28.16,12.57,0.5599,0.5957
6,Cleveland Cavaliers,CLE,East,5,2025-26,82,119.52,44.43,28.30,13.32,0.5610,0.5945
21,Oklahoma City Thunder,OKC,West,5,2025-26,81,119.15,44.04,25.84,11.96,0.5626,0.6001
1,Atlanta Hawks,ATL,East,5,2025-26,82,118.46,43.54,30.13,13.38,0.5537,0.5840
18,Minnesota Timberwolves,MIN,West,5,2025-26,82,118.00,44.09,26.07,14.12,0.5591,0.5920
9,Detroit Pistons,DET,East,5,2025-26,81,117.72,45.54,27.80,14.27,0.5465,0.5830
29,Utah Jazz,UTA,West,5,2025-26,82,117.59,43.82,29.62,15.01,0.5365,0.5753
14,Los Angeles Lakers,LAL,West,5,2025-26,82,116.34,40.99,25.88,13.78,0.5731,0.6093
5,Chicago Bulls,CHI,East,5,2025-26,82,116.30,45.05,28.48,14.63,0.5475,0.5801
20,New York Knicks,NYK,East,5,2025-26,81,116.26,45.67,27.43,12.85,0.5563,0.5888
4,Charlotte Hornets,CHA,East,5,2025-26,82,116.01,46.07,26.34,14.44,0.5525,0.5890
23,Philadelphia 76ers,PHI,East,5,2025-26,82,115.88,43.63,24.60,12.98,0.5305,0.5725
22,Orlando Magic,ORL,East,5,2025-26,79,115.75,43.29,26.47,13.62,0.5313,0.5773
19,New Orleans Pelicans,NOP,West,5,2025-26,82,115.52,43.88,25.10,13.45,0.5272,0.5675
25,Portland Trail Blazers,POR,West,5,2025-26,82,115.48,45.99,25.15,16.48,0.5336,0.5705
11,Houston Rockets,HOU,West,5,2025-26,82,115.23,48.12,25.40,14.39,0.5424,0.5758
2,Boston Celtics,BOS,East,5,2025-26,82,114.85,46.37,24.65,11.50,0.5529,0.5833
28,Toronto Raptors,TOR,East,5,2025-26,82,114.63,42.10,29.48,12.87,0.5463,0.5806
10,Golden State Warriors,GSW,West,5,2025-26,82,114.61,42.34,28.89,14.99,0.5495,0.5843
15,Memphis Grizzlies,MEM,West,5,2025-26,80,114.58,42.19,27.81,14.65,0.5320,0.5687
7,Dallas Mavericks,DAL,West,5,2025-26,81,114.17,44.73,25.30,13.98,0.5270,0.5638
13,Los Angeles Clippers,LAC,West,5,2025-26,82,113.77,40.60,23.74,13.55,0.5588,0.6020
30,Washington Wizards,WAS,East,5,2025-26,82,112.90,41.90,25.05,15.15,0.5349,0.5663
24,Phoenix Suns,PHX,West,5,2025-26,82,112.59,43.11,24.65,13.54,0.5369,0.5684
12,Indiana Pacers,IND,East,5,2025-26,82,112.43,41.94,27.67,13.84,0.5332,0.5681
26,Sacramento Kings,SAC,West,5,2025-26,82,111.00,42.27,25.55,13.72,0.5247,0.5603
17,Milwaukee Bucks,MIL,East,5,2025-26,82,110.63,40.74,25.80,14.46,0.5655,0.5891
3,Brooklyn Nets,BKN,East,5,2025-26,82,105.93,39.33,25.00,15.00,0.5203,0.5595
